{
  "A": {
    "f1": 0.8358226927264778,
    "acc": 0.8297773654916512,
    "mae": 11.013555526733398,
    "pw": 0.9909400887178664,
    "pc": 0.6516609933276599,
    "rw": 0.7613479832924275,
    "rc": 0.9765343915343915,
    "params": 0.24,
    "fps": 324.8
  },
  "B": {
    "f1": 0.8341953266693711,
    "acc": 0.8283858998144712,
    "mae": 9.017765045166016,
    "pw": 0.9655774677996897,
    "pc": 0.6592009430898317,
    "rw": 0.7776967990856879,
    "rc": 0.9332804232804229,
    "params": 0.25,
    "fps": 374.5
  },
  "C": {
    "f1": 0.9346315446937602,
    "acc": 0.9336734693877551,
    "mae": 5.791392803192139,
    "pw": 0.9793011515233739,
    "pc": 0.84681898348565,
    "rw": 0.9235992813770592,
    "rc": 0.9455408583186358,
    "params": 3.4,
    "fps": 279.4
  },
  "FULL": {
    "f1": 0.9269421541440754,
    "acc": 0.9253246753246753,
    "mae": 5.651869297027588,
    "pw": 0.9916161616161616,
    "pc": 0.8150088183421514,
    "rw": 0.8990467865467866,
    "rc": 0.9744973544973544,
    "params": 3.4,
    "fps": 345.9
  }
}