{
  "epoch":{
    "0":1,
    "1":2,
    "2":3,
    "3":4,
    "4":5,
    "5":6,
    "6":7,
    "7":8,
    "8":9,
    "9":10,
    "10":11,
    "11":12,
    "12":13,
    "13":14,
    "14":15,
    "15":16,
    "16":17,
    "17":18,
    "18":19,
    "19":20,
    "20":21,
    "21":22,
    "22":23,
    "23":24,
    "24":25,
    "25":26,
    "26":27,
    "27":28,
    "28":29,
    "29":30,
    "30":31,
    "31":32,
    "32":33,
    "33":34,
    "34":35,
    "35":36,
    "36":37,
    "37":38,
    "38":39,
    "39":40,
    "40":41,
    "41":42,
    "42":43,
    "43":44,
    "44":45,
    "45":46,
    "46":47,
    "47":48,
    "48":49,
    "49":50,
    "50":51,
    "51":52,
    "52":53,
    "53":54,
    "54":55,
    "55":56,
    "56":57,
    "57":58,
    "58":59,
    "59":60
  },
  "train_tot":{
    "0":2.7782992209,
    "1":2.5020355416,
    "2":2.2742907115,
    "3":2.0682842014,
    "4":1.8228918443,
    "5":1.6001897211,
    "6":1.4738667263,
    "7":1.3792266986,
    "8":1.3137316996,
    "9":1.2315987722,
    "10":1.2040944827,
    "11":1.1569033949,
    "12":1.1217103213,
    "13":1.0932125476,
    "14":1.0689206147,
    "15":1.0343908469,
    "16":1.0167544461,
    "17":0.9735690919,
    "18":0.8861977034,
    "19":0.8559766021,
    "20":0.8336137308,
    "21":0.8163178831,
    "22":0.8088248616,
    "23":0.804228788,
    "24":0.7734149962,
    "25":0.7663065441,
    "26":0.7526006605,
    "27":0.7355260485,
    "28":0.7343571729,
    "29":0.7233594879,
    "30":0.6668763138,
    "31":0.6536662998,
    "32":0.6346987111,
    "33":0.6250504074,
    "34":0.621205488,
    "35":0.6109854589,
    "36":0.6065575101,
    "37":0.5991543875,
    "38":0.5892555376,
    "39":0.5831914735,
    "40":0.5834459191,
    "41":0.5639333441,
    "42":0.5619253493,
    "43":0.5529429436,
    "44":0.5550492159,
    "45":0.5373466256,
    "46":0.5517601703,
    "47":0.5296056469,
    "48":0.516736934,
    "49":0.5315963281,
    "50":0.5187486853,
    "51":0.5123655089,
    "52":0.4962352226,
    "53":0.5124014963,
    "54":0.502317687,
    "55":0.4654312896,
    "56":0.4443567509,
    "57":0.4471193009,
    "58":0.4433663085,
    "59":0.4460910549
  },
  "train_rep":{
    "0":0.6842133203,
    "1":0.6497514376,
    "2":0.6160248521,
    "3":0.6053149804,
    "4":0.5809891096,
    "5":0.5433430386,
    "6":0.5186991329,
    "7":0.4927320088,
    "8":0.4714774103,
    "9":0.4546015214,
    "10":0.4423041327,
    "11":0.4227095898,
    "12":0.4117550089,
    "13":0.4095637857,
    "14":0.3978521686,
    "15":0.3907815471,
    "16":0.3797163386,
    "17":0.3504632457,
    "18":0.3035873962,
    "19":0.284477173,
    "20":0.2690905523,
    "21":0.2614515017,
    "22":0.259518152,
    "23":0.2615962569,
    "24":0.2416167541,
    "25":0.2353068626,
    "26":0.2382131928,
    "27":0.2252237458,
    "28":0.2242245045,
    "29":0.2234726724,
    "30":0.1791650614,
    "31":0.1785005282,
    "32":0.1644148225,
    "33":0.1585708509,
    "34":0.1571640571,
    "35":0.1502021872,
    "36":0.1506546347,
    "37":0.1445898618,
    "38":0.1402687109,
    "39":0.1340562769,
    "40":0.1347304899,
    "41":0.1262969938,
    "42":0.1284693318,
    "43":0.1171684871,
    "44":0.1232271953,
    "45":0.1121283734,
    "46":0.1252521018,
    "47":0.1110323105,
    "48":0.1041683212,
    "49":0.1157031169,
    "50":0.1066603555,
    "51":0.1026988822,
    "52":0.0942032412,
    "53":0.1112448406,
    "54":0.1005085152,
    "55":0.073771355,
    "56":0.0618139424,
    "57":0.0649516047,
    "58":0.0627260956,
    "59":0.0652771034
  },
  "train_err":{
    "0":19.4251408612,
    "1":17.8626622109,
    "2":16.1866187403,
    "3":14.348829067,
    "4":12.2038006842,
    "5":10.3950507748,
    "6":9.3729061725,
    "7":8.731008472,
    "8":8.2991670946,
    "9":7.6848531143,
    "10":7.5267036677,
    "11":7.2541100395,
    "12":7.0285261133,
    "13":6.7712144509,
    "14":6.6408878127,
    "15":6.3815990155,
    "16":6.3140343253,
    "17":6.1789686997,
    "18":5.7992657129,
    "19":5.692699873,
    "20":5.6143188781,
    "21":5.5306426319,
    "22":5.4738671557,
    "23":5.4114249267,
    "24":5.3028014196,
    "25":5.2944147563,
    "26":5.1310449438,
    "27":5.0897628904,
    "28":5.0830019064,
    "29":4.9860560752,
    "30":4.8665916542,
    "31":4.7465942431,
    "32":4.6953420698,
    "33":4.6571516429,
    "34":4.6326210749,
    "35":4.6038429169,
    "36":4.5508424753,
    "37":4.539561651,
    "38":4.4868309493,
    "39":4.4853857037,
    "40":4.4830762136,
    "41":4.3720558921,
    "42":4.3306229086,
    "43":4.3508062573,
    "44":4.3119028359,
    "45":4.2497759037,
    "46":4.2603446567,
    "47":4.1817261376,
    "48":4.1206860096,
    "49":4.1527381394,
    "50":4.1152559589,
    "51":4.0919026447,
    "52":4.0164670933,
    "53":4.0073223971,
    "54":4.012760412,
    "55":3.9140748608,
    "56":3.8225426906,
    "57":3.82063057,
    "58":3.8041482385,
    "59":3.805848482
  },
  "train_ex":{
    "0":0.7578588973,
    "1":0.3300892531,
    "2":0.1980197692,
    "3":0.1404314392,
    "4":0.1076132086,
    "5":0.086707939,
    "6":0.089384808,
    "7":0.0669691558,
    "8":0.0616878425,
    "9":0.0425596505,
    "10":0.0455998539,
    "11":0.0439139629,
    "12":0.0355134263,
    "13":0.0326365333,
    "14":0.0348982646,
    "15":0.0272469329,
    "16":0.0281733103,
    "17":0.0260448367,
    "18":0.0134186162,
    "19":0.0111471552,
    "20":0.0154564133,
    "21":0.009010529,
    "22":0.0095999374,
    "23":0.0074501488,
    "24":0.0075904441,
    "25":0.0077909801,
    "26":0.0064148134,
    "27":0.0066300168,
    "28":0.009162352,
    "29":0.0064059853,
    "30":0.0052603906,
    "31":0.0025316925,
    "32":0.0037483825,
    "33":0.0038219295,
    "34":0.0038965774,
    "35":0.0019948642,
    "36":0.0040930915,
    "37":0.0030417563,
    "38":0.0015186261,
    "39":0.0029830918,
    "40":0.0020390091,
    "41":0.0021537788,
    "42":0.0019686074,
    "43":0.0034691326,
    "44":0.0031586504,
    "45":0.0012032801,
    "46":0.0023679738,
    "47":0.0020035783,
    "48":0.0025000195,
    "49":0.0030969376,
    "50":0.0028136442,
    "51":0.0023817812,
    "52":0.0019263162,
    "53":0.002122054,
    "54":0.002665627,
    "55":0.0012622132,
    "56":0.0014426696,
    "57":0.0005231705,
    "58":0.001126914,
    "59":0.0011454997
  },
  "val_rep_f1":{
    "0":0.6123191381,
    "1":0.6018826425,
    "2":0.65971654,
    "3":0.6670059067,
    "4":0.6884710129,
    "5":0.7320821293,
    "6":0.6947020656,
    "7":0.746384631,
    "8":0.7359734355,
    "9":0.7556842485,
    "10":0.7667745839,
    "11":0.7829855377,
    "12":0.7935379105,
    "13":0.8203309933,
    "14":0.8022451015,
    "15":0.8186205358,
    "16":0.8151205666,
    "17":0.8118903751,
    "18":0.8396498459,
    "19":0.8524630982,
    "20":0.8494641814,
    "21":0.8619602048,
    "22":0.8571428571,
    "23":0.8666505177,
    "24":0.8656576069,
    "25":0.8785399614,
    "26":0.8721875089,
    "27":0.8692800822,
    "28":0.8625254803,
    "29":0.8695070678,
    "30":0.8873260435,
    "31":0.8933493092,
    "32":0.8956722625,
    "33":0.8939484891,
    "34":0.8955065885,
    "35":0.8973406185,
    "36":0.893202456,
    "37":0.8991117998,
    "38":0.8951857216,
    "39":0.8994515362,
    "40":0.8956352912,
    "41":0.900909102,
    "42":0.9038979732,
    "43":0.9043775369,
    "44":0.9068587154,
    "45":0.9025207901,
    "46":0.9064749958,
    "47":0.9031650144,
    "48":0.9095248725,
    "49":0.901743451,
    "50":0.913721182,
    "51":0.907298072,
    "52":0.898109392,
    "53":0.9117759419,
    "54":0.9069723588,
    "55":0.9187882682,
    "56":0.9173102176,
    "57":0.9229368189,
    "58":0.9197400692,
    "59":0.9247604637
  },
  "val_ex_f1":{
    "0":0.8720491232,
    "1":0.9226201863,
    "2":0.9660666943,
    "3":0.9611480092,
    "4":0.9721211922,
    "5":0.9709429228,
    "6":0.9676518807,
    "7":0.9860843398,
    "8":0.9874971484,
    "9":0.9865898477,
    "10":0.9856291777,
    "11":0.9888613904,